{"epoch": 74, "loss": 0.4392379181725638, "lr": 5.5541218462381295e-06, "acc": 84.0, "f1": 73.33333587646484, "auroc": 95.24617004394531, "auprc": 93.54498453736679, "test_loss": 0.607391357421875, "test_acc": 61.11111068725586, "test_f1": 36.3636360168457, "test_auroc": 54.16666793823242, "test_auprc": 38.05555555555556, "_timestamp": 1730976984.858758, "_runtime": 180.42940998077393, "_step": 75, "Best Statistics/loss": 0.5472819010416666, "Best Statistics/acc": 66.66667175292969, "Best Statistics/f1": 36.3636360168457, "Best Statistics/auroc": 65.27777862548828, "Best Statistics/auprc": 46.86147186147186, "Best Statistics/rmse": Infinity, "Best Statistics/pcc": 0.0, "_wandb": {"runtime": 179}}