{"epoch": 38, "loss": 0.5389462028230939, "lr": 5.894584742790348e-06, "acc": 82.0, "f1": 68.96551513671875, "auroc": 87.69099426269531, "auprc": 86.69934062829331, "test_loss": 0.5619608561197916, "test_acc": 61.111114501953125, "test_f1": 22.22222328186035, "test_auroc": 61.11111068725586, "test_auprc": 44.08730158730159, "_timestamp": 1730976774.032031, "_runtime": 116.35310316085815, "_step": 38}